year,avarage temprature
2010,9.703083333
2011,9.516
2012,9.507333333
2013,9.6065
2014,9.570666667
2015,9.831
